<?xml version="1.0" encoding="ISO-8859-1" standalone="no" ?> 
<!DOCTYPE Policies SYSTEM "../dtd/accesscontrolpolicies.dtd">

<Policies>

<Action Name="ExecuteCommand"
			CommandName="Execute">

</Action>


<ResourceCategory Name="com.ibm.commerce.sample.commands.MyNewControllerCmdResourceCategory"
			ResourceBeanClass="com.ibm.commerce.sample.commands.MyNewControllerCmd">
		<ResourceAction Name="ExecuteCommand"/>
	</ResourceCategory>
	
<ResourceGroup Name="AllSiteUserCmdResourceGroup"  OwnerID="RootOrganization">
		 <ResourceGroupResource Name="com.ibm.commerce.sample.commands.MyNewControllerCmdResourceCategory" />
	</ResourceGroup>

</Policies>
